,total_demand
2023-12-31,10674523
2023-12-30,10821410
2023-12-29,11084647
2023-12-28,10907167
2023-12-27,10674973
2023-12-26,10343865
2023-12-25,9615042
2023-12-24,9762219
2023-12-23,10181733
2023-12-22,10870285
2023-12-21,11357811
2023-12-20,11741925
2023-12-19,11953896
2023-12-18,11324843
2023-12-17,10386023
2023-12-16,10501540
2023-12-15,11114065
2023-12-14,11343308
2023-12-13,11420225
2023-12-12,11538087
2023-12-11,11492941
2023-12-10,10340024
2023-12-09,10077066
2023-12-08,10676745
2023-12-07,11209022
2023-12-06,11180718
2023-12-05,10955827
2023-12-04,10742142
2023-12-03,9988233
2023-12-02,10036070
2023-12-01,10747129
2023-11-30,11167214
2023-11-29,11849863
2023-11-28,11878750
2023-11-27,11470909
2023-11-26,10504471
2023-11-25,10223604
2023-11-24,9955384
2023-11-23,9761866
2023-11-22,10557676
2023-11-21,10680129
2023-11-20,10577611
2023-11-19,9734824
2023-11-18,9647115
2023-11-17,10069430
2023-11-16,10134340
2023-11-15,10330825
2023-11-14,10388270
2023-11-13,10385700
2023-11-12,9733244
2023-11-11,9818343
2023-11-10,10205511
2023-11-09,10271898
2023-11-08,10361747
2023-11-07,10248053
2023-11-06,10030341
2023-11-05,9540107
2023-11-04,9579700
2023-11-03,10376864
2023-11-02,10818951
2023-11-01,10558905
2023-10-31,10600869
2023-10-30,10560374
2023-10-29,9844247
2023-10-28,9894060
2023-10-27,10434958
2023-10-26,10469021
2023-10-25,10390099
2023-10-24,10403331
2023-10-23,10318769
2023-10-22,9458408
2023-10-21,9563312
2023-10-20,10123689
2023-10-19,10147055
2023-10-18,10052805
2023-10-17,9967766
2023-10-16,9901741
2023-10-15,9182876
2023-10-14,9427836
2023-10-13,10231961
2023-10-12,10251329
2023-10-11,10148898
2023-10-10,10202234
2023-10-09,10003722
2023-10-08,9264618
2023-10-07,9618759
2023-10-06,10731912
2023-10-05,10958968
2023-10-04,11353275
2023-10-03,11269785
2023-10-02,11236966
2023-10-01,10561272
2023-09-30,10749707
2023-09-29,11237932
2023-09-28,11137276
2023-09-27,11115470
2023-09-26,11314208
2023-09-25,11338141
2023-09-24,10616457
2023-09-23,10623212
2023-09-22,11210050
2023-09-21,11396662
2023-09-20,11267253
2023-09-19,11118049
2023-09-18,11204103
2023-09-17,10481770
2023-09-16,10496557
2023-09-15,11113060
2023-09-14,11473471
2023-09-13,11827256
2023-09-12,12115676
2023-09-11,12317019
2023-09-10,11627966
2023-09-09,11891112
2023-09-08,12797812
2023-09-07,13406111
2023-09-06,13705557
2023-09-05,13863207
2023-09-04,12941666
2023-09-03,12236430
2023-09-02,11750158
2023-09-01,12068510
2023-08-31,12332320
2023-08-30,12723703
2023-08-29,13077812
2023-08-28,13018677
2023-08-27,12613541
2023-08-26,13239988
2023-08-25,14147152
2023-08-24,14227489
2023-08-23,14081878
2023-08-22,13981336
2023-08-21,14161180
2023-08-20,13034830
2023-08-19,12482993
2023-08-18,13093325
2023-08-17,13449876
2023-08-16,13361439
2023-08-15,13639173
2023-08-14,13871587
2023-08-13,13218566
2023-08-12,13299072
2023-08-11,13696698
2023-08-10,13524200
2023-08-09,13474234
2023-08-08,13407124
2023-08-07,13558465
2023-08-06,12834091
2023-08-05,13007031
2023-08-04,13494985
2023-08-03,13460733
2023-08-02,13401246
2023-08-01,13408855
2023-07-31,13473261
2023-07-30,12883968
2023-07-29,13602826
2023-07-28,14635320
2023-07-27,14798668
2023-07-26,14428706
2023-07-25,14195635
2023-07-24,13792587
2023-07-23,12686373
2023-07-22,12725140
2023-07-21,13603876
2023-07-20,14102403
2023-07-19,13890618
2023-07-18,13883287
2023-07-17,13767735
2023-07-16,12955367
2023-07-15,13320689
2023-07-14,13975357
2023-07-13,14147907
2023-07-12,13849412
2023-07-11,13477102
2023-07-10,13081618
2023-07-09,12101534
2023-07-08,12333709
2023-07-07,13048469
2023-07-06,13370493
2023-07-05,13487908
2023-07-04,12712544
2023-07-03,13055990
2023-07-02,12434911
2023-07-01,12499964
2023-06-30,13281992
2023-06-29,13195371
2023-06-28,12979170
2023-06-27,12738212
2023-06-26,12799905
2023-06-25,12124136
2023-06-24,11958711
2023-06-23,11978650
2023-06-22,11780663
2023-06-21,11952533
2023-06-20,12259717
2023-06-19,12152542
2023-06-18,11037618
2023-06-17,11164476
2023-06-16,11641814
2023-06-15,11822655
2023-06-14,11566578
2023-06-13,11308042
2023-06-12,11327162
2023-06-11,10695374
2023-06-10,10748410
2023-06-09,11123650
2023-06-08,11099446
2023-06-07,11190328
2023-06-06,11277616
2023-06-05,11156104
2023-06-04,10480474
2023-06-03,11077526
2023-06-02,11863519
2023-06-01,11648105
2023-05-31,11368732
2023-05-30,11123336
2023-05-29,10070516
2023-05-28,9575552
2023-05-27,9581062
2023-05-26,10197417
2023-05-25,10415170
2023-05-24,10654010
2023-05-23,10758698
2023-05-22,10699958
2023-05-21,9772597
2023-05-20,9948576
2023-05-19,10565599
2023-05-18,10603689
2023-05-17,10662563
2023-05-16,10830505
2023-05-15,10730988
2023-05-14,10004228
2023-05-13,10231124
2023-05-12,10893756
2023-05-11,10703430
2023-05-10,10415382
2023-05-09,10519278
2023-05-08,10566068
2023-05-07,9668946
2023-05-06,9592790
2023-05-05,10071658
2023-05-04,10052357
2023-05-03,10032170
2023-05-02,10026703
2023-05-01,9954487
2023-04-30,9278062
2023-04-29,9319243
2023-04-28,9961748
2023-04-27,9969153
2023-04-26,9996486
2023-04-25,9949293
2023-04-24,9841246
2023-04-23,9264180
2023-04-22,9363474
2023-04-21,9937274
2023-04-20,10212407
2023-04-19,10093632
2023-04-18,9922126
2023-04-17,9888050
2023-04-16,9303907
2023-04-15,9668495
2023-04-14,10105569
2023-04-13,10114787
2023-04-12,9894078
2023-04-11,9834537
2023-04-10,9721636
2023-04-09,8986485
2023-04-08,9409431
2023-04-07,9795222
2023-04-06,10288415
2023-04-05,10480527
2023-04-04,10519228
2023-04-03,10339098
2023-04-02,9474277
2023-04-01,9552780
2023-03-31,10207715
2023-03-30,10301591
2023-03-29,10230648
2023-03-28,10326282
2023-03-27,10346899
2023-03-26,9555719
2023-03-25,9827189
2023-03-24,10274579
2023-03-23,10289226
2023-03-22,10325670
2023-03-21,10658910
2023-03-20,11052537
2023-03-19,10555387
2023-03-18,10340652
2023-03-17,10451089
2023-03-16,10592433
2023-03-15,10911825
2023-03-14,11217229
2023-03-13,10967052
2023-03-12,9856095
2023-03-11,10256112
2023-03-10,10649857
2023-03-09,10679187
2023-03-08,10778455
2023-03-07,10609999
2023-03-06,10481163
2023-03-05,9804070
2023-03-04,9900704
2023-03-03,10507656
2023-03-02,10590050
2023-03-01,10628131
2023-02-28,10706870
2023-02-27,10675839
2023-02-26,10162240
2023-02-25,10609345
2023-02-24,11058921
2023-02-23,10959656
2023-02-22,10813842
2023-02-21,10512438
2023-02-20,10286122
2023-02-19,9988646
2023-02-18,10778902
2023-02-17,11278258
2023-02-16,10776800
2023-02-15,10452755
2023-02-14,10597237
2023-02-13,10685113
2023-02-12,10396670
2023-02-11,10528448
2023-02-10,10684015
2023-02-09,10658839
2023-02-08,10646488
2023-02-07,10833716
2023-02-06,10871480
2023-02-05,10471633
2023-02-04,11563331
2023-02-03,12287419
2023-02-02,12169695
2023-02-01,12263369
2023-01-31,12273024
2023-01-30,11860644
2023-01-29,10813194
2023-01-28,10700627
2023-01-27,11667914
2023-01-26,11734164
2023-01-25,11627067
2023-01-24,11724125
2023-01-23,11655089
2023-01-22,10840110
2023-01-21,10846884
2023-01-20,11050703
2023-01-19,10789529
2023-01-18,10683465
2023-01-17,10795833
2023-01-16,11150016
2023-01-15,11076276
2023-01-14,11405306
2023-01-13,11285934
2023-01-12,10798248
2023-01-11,10938179
2023-01-10,11152053
2023-01-09,11108795
2023-01-08,10419744
2023-01-07,10506202
2023-01-06,10965804
2023-01-05,10810476
2023-01-04,10560737
2023-01-03,10471226
2023-01-02,10028304
2023-01-01,9378612
2022-12-31,9753330
2022-12-30,10161142
2022-12-29,10620406
2022-12-28,11450802
2022-12-27,12230220
2022-12-26,12434202
2022-12-25,12650197
2022-12-24,13899920
2022-12-23,14177891
2022-12-22,12665518
2022-12-21,12229981
2022-12-20,12155635
2022-12-19,12338544
2022-12-18,11533317
2022-12-17,11328447
2022-12-16,11619949
2022-12-15,11551512
2022-12-14,11416120
2022-12-13,11415278
2022-12-12,11125594
2022-12-11,10253392
2022-12-10,10309119
2022-12-09,10735887
2022-12-08,10751668
2022-12-07,10686167
2022-12-06,10836788
2022-12-05,11105232
2022-12-04,10488691
2022-12-03,10328424
2022-12-02,11029466
2022-12-01,11561777
2022-11-30,11134315
2022-11-29,10805841
2022-11-28,10563056
2022-11-27,9742788
2022-11-26,9651879
2022-11-25,9574327
2022-11-24,9548187
2022-11-23,10563741
2022-11-22,10987016
2022-11-21,11527603
2022-11-20,11179272
2022-11-19,11183147
2022-11-18,11579408
2022-11-17,11498195
2022-11-16,11242353
2022-11-15,11206582
2022-11-14,11077272
2022-11-13,10206836
2022-11-12,9922378
2022-11-11,10172911
2022-11-10,10088609
2022-11-09,10209709
2022-11-08,10276755
2022-11-07,10358960
2022-11-06,9908479
2022-11-05,9395303
2022-11-04,10083301
2022-11-03,10157647
2022-11-02,10051508
2022-11-01,9996792
2022-10-31,9849214
2022-10-30,9155376
2022-10-29,9211109
2022-10-28,9823162
2022-10-27,9914180
2022-10-26,9878872
2022-10-25,9868095
2022-10-24,10064781
2022-10-23,9421729
2022-10-22,9412433
2022-10-21,9972314
2022-10-20,10207003
2022-10-19,10226965
2022-10-18,10169957
2022-10-17,10052414
2022-10-16,9430565
2022-10-15,9584138
2022-10-14,10040368
2022-10-13,10263169
2022-10-12,10445924
2022-10-11,10344888
2022-10-10,10187438
2022-10-09,9373909
2022-10-08,9434032
2022-10-07,10088939
2022-10-06,10266806
2022-10-05,10233059
2022-10-04,10207308
2022-10-03,10123361
2022-10-02,9352531
2022-10-01,9386037
2022-09-30,9863373
2022-09-29,10010374
2022-09-28,10244214
2022-09-27,10421481
2022-09-26,10833645
2022-09-25,10336403
2022-09-24,10269084
2022-09-23,10669287
2022-09-22,11454387
2022-09-21,12232548
2022-09-20,12354983
2022-09-19,12161021
2022-09-18,11167803
2022-09-17,10945299
2022-09-16,11303432
2022-09-15,11299959
2022-09-14,11334758
2022-09-13,11570156
2022-09-12,11764400
2022-09-11,11141238
2022-09-10,11211507
2022-09-09,11977446
2022-09-08,12363177
2022-09-07,12728588
2022-09-06,12875519
2022-09-05,11986212
2022-09-04,11696563
2022-09-03,12037942
2022-09-02,12725178
2022-09-01,12898908
2022-08-31,13034952
2022-08-30,13242418
2022-08-29,13470676
2022-08-28,12568803
2022-08-27,12467840
2022-08-26,13058243
2022-08-25,13055299
2022-08-24,12967398
2022-08-23,12818454
2022-08-22,12731407
2022-08-21,11946872
2022-08-20,12288716
2022-08-19,12640400
2022-08-18,12677860
2022-08-17,12775557
2022-08-16,12849322
2022-08-15,12847450
2022-08-14,11825904
2022-08-13,11900839
2022-08-12,12730083
2022-08-11,13286903
2022-08-10,13563206
2022-08-09,13918631
2022-08-08,14198041
2022-08-07,13437957
2022-08-06,13516446
2022-08-05,14000162
2022-08-04,14163812
2022-08-03,14284641
2022-08-02,14217404
2022-08-01,13695895
2022-07-31,12669934
2022-07-30,12705929
2022-07-29,13470562
2022-07-28,13951385
2022-07-27,13785067
2022-07-26,13433389
2022-07-25,13882232
2022-07-24,13595534
2022-07-23,13680191
2022-07-22,14335098
2022-07-21,14619369
2022-07-20,14829750
2022-07-19,14454449
2022-07-18,14033958
2022-07-17,12875985
2022-07-16,12873781
2022-07-15,13249314
2022-07-14,13505956
2022-07-13,13685773
2022-07-12,13842378
2022-07-11,13531121
2022-07-10,12383167
2022-07-09,12667150
2022-07-08,13564792
2022-07-07,13645639
2022-07-06,13739852
2022-07-05,13709837
2022-07-04,12511677
2022-07-03,12206244
2022-07-02,12491552
2022-07-01,13247310
2022-06-30,13306061
2022-06-29,12843720
2022-06-28,12461866
2022-06-27,12665280
2022-06-26,12407562
2022-06-25,12758273
2022-06-24,13318866
2022-06-23,13289537
2022-06-22,13442940
2022-06-21,13246478
2022-06-20,12407319
2022-06-19,11099557
2022-06-18,11656847
2022-06-17,13364872
2022-06-16,13737425
2022-06-15,13817108
2022-06-14,13562921
2022-06-13,13574450
2022-06-12,11998412
2022-06-11,11569074
2022-06-10,11812798
2022-06-09,12114114
2022-06-08,12119903
2022-06-07,11991606
2022-06-06,11762585
2022-06-05,10670825
2022-06-04,10513676
2022-06-03,11217041
2022-06-02,11677325
2022-06-01,12207914
2022-05-31,12533201
2022-05-30,11362990
2022-05-29,10548628
2022-05-28,10405902
2022-05-27,10917221
2022-05-26,10853379
2022-05-25,10682065
2022-05-24,10626446
2022-05-23,10580020
2022-05-22,10447925
2022-05-21,11128624
2022-05-20,11785845
2022-05-19,11783929
2022-05-18,11254560
2022-05-17,11110056
2022-05-16,11179872
2022-05-15,10588570
2022-05-14,10688302
2022-05-13,11078192
2022-05-12,11237002
2022-05-11,11124012
2022-05-10,10886633
2022-05-09,10650709
2022-05-08,9744715
2022-05-07,9821431
2022-05-06,10403430
2022-05-05,10481453
2022-05-04,10565780
2022-05-03,10489380
2022-05-02,10428560
2022-05-01,9437643
2022-04-30,9493948
2022-04-29,9975407
2022-04-28,10066886
2022-04-27,10003436
2022-04-26,10010295
2022-04-25,10088965
2022-04-24,9455063
2022-04-23,9514184
2022-04-22,10051390
2022-04-21,10113563
2022-04-20,10154991
2022-04-19,10221555
2022-04-18,10268389
2022-04-17,9257289
2022-04-16,9389324
2022-04-15,9633271
2022-04-14,10064030
2022-04-13,10166992
2022-04-12,10111416
2022-04-11,9998294
2022-04-10,9439645
2022-04-09,9624618
2022-04-08,10063523
2022-04-07,10196837
2022-04-06,10277805
2022-04-05,10264274
2022-04-04,10027471
2022-04-03,9354085
2022-04-02,9447861
2022-04-01,10003608
2022-03-31,10083213
2022-03-30,10243179
2022-03-29,10584349
2022-03-28,10636891
2022-03-27,9713059
2022-03-26,9581422
2022-03-25,9982704
2022-03-24,10153302
2022-03-23,10154960
2022-03-22,9961860
2022-03-21,9867719
2022-03-20,9217201
2022-03-19,9389850
2022-03-18,9799879
2022-03-17,9893608
2022-03-16,9880014
2022-03-15,10002726
2022-03-14,10394727
2022-03-13,10199906
2022-03-12,11224223
2022-03-11,10979875
2022-03-10,10822096
2022-03-09,10945524
2022-03-08,10802685
2022-03-07,10507332
2022-03-06,9558472
2022-03-05,9647433
2022-03-04,10358446
2022-03-03,10327102
2022-03-02,10190210
2022-03-01,10533088
2022-02-28,10925952
2022-02-27,10563469
2022-02-26,11200290
2022-02-25,11844442
2022-02-24,11939890
2022-02-23,11540281
2022-02-22,10828306
2022-02-21,10522640
2022-02-20,10374253
2022-02-19,10972350
2022-02-18,11235688
2022-02-17,10761350
2022-02-16,10694172
2022-02-15,11452651
2022-02-14,11810325
2022-02-13,11031808
2022-02-12,10492084
2022-02-11,10653800
2022-02-10,10981270
2022-02-09,11181501
2022-02-08,11622727
2022-02-07,11851503
2022-02-06,11495565
2022-02-05,11943859
2022-02-04,12254324
2022-02-03,11991449
2022-02-02,11588208
2022-02-01,11426506
2022-01-31,11839661
2022-01-30,11725858
2022-01-29,12312922
2022-01-28,12207639
2022-01-27,12278195
2022-01-26,12513613
2022-01-25,11978911
2022-01-24,11990023
2022-01-23,11725552
2022-01-22,12312234
2022-01-21,13048728
2022-01-20,12448854
2022-01-19,11511972
2022-01-18,11727910
2022-01-17,11855086
2022-01-16,11670673
2022-01-15,11585691
2022-01-14,11193213
2022-01-13,11156667
2022-01-12,11533160
2022-01-11,12179814
2022-01-10,11922704
2022-01-09,10784016
2022-01-08,11426225
2022-01-07,12456864
2022-01-06,11975729
2022-01-05,11521192
2022-01-04,11894538
2022-01-03,11930484
2022-01-02,10682871
2022-01-01,9990521
2021-12-31,10014435
2021-12-30,10395282
2021-12-29,10583703
2021-12-28,10533487
2021-12-27,10377889
2021-12-26,9512300
2021-12-25,9196725
2021-12-24,9916196
2021-12-23,10955117
2021-12-22,11272652
2021-12-21,11561283
2021-12-20,11660268
2021-12-19,10671858
2021-12-18,10303198
2021-12-17,10579975
2021-12-16,10590682
2021-12-15,10739302
2021-12-14,10902214
2021-12-13,11085285
2021-12-12,10374938
2021-12-11,10050963
2021-12-10,10762628
2021-12-09,11254786
2021-12-08,11200879
2021-12-07,11209076
2021-12-06,10701660
2021-12-05,9817429
2021-12-04,9819362
2021-12-03,10173129
2021-12-02,10176319
2021-12-01,10449143
2021-11-30,10753147
2021-11-29,10854314
2021-11-28,9888346
2021-11-27,10044086
2021-11-26,9992604
2021-11-25,9666424
2021-11-24,10736021
2021-11-23,10971299
2021-11-22,10560517
2021-11-21,9753263
2021-11-20,10042379
2021-11-19,10590218
2021-11-18,10278356
2021-11-17,10223604
2021-11-16,10336729
2021-11-15,10396964
2021-11-14,9755614
2021-11-13,9773643
2021-11-12,10015830
2021-11-11,9907162
2021-11-10,9876768
2021-11-09,9888765
2021-11-08,9947109
2021-11-07,9712164
2021-11-06,9635485
2021-11-05,10257581
2021-11-04,10349517
2021-11-03,10245620
2021-11-02,10101262
2021-11-01,9871320
2021-10-31,9005645
2021-10-30,9113761
2021-10-29,9693933
2021-10-28,9860139
2021-10-27,9956094
2021-10-26,10225972
2021-10-25,10285288
2021-10-24,9439074
2021-10-23,9453263
2021-10-22,9947994
2021-10-21,10079443
2021-10-20,9998069
2021-10-19,9829061
2021-10-18,9653039
2021-10-17,8875067
2021-10-16,9356333
2021-10-15,10542415
2021-10-14,10692767
2021-10-13,10676929
2021-10-12,10617878
2021-10-11,10520108
2021-10-10,10091321
2021-10-09,10133002
2021-10-08,10781835
2021-10-07,10867556
2021-10-06,10738384
2021-10-05,10733981
2021-10-04,10910182
2021-10-03,10140968
2021-10-02,10068853
2021-10-01,10530786
2021-09-30,10815762
2021-09-29,10883033
2021-09-28,11064258
2021-09-27,10907021
2021-09-26,9784219
2021-09-25,9744055
2021-09-24,10282576
2021-09-23,10608270
2021-09-22,11027796
2021-09-21,11445591
2021-09-20,11814050
2021-09-19,11173831
2021-09-18,11376685
2021-09-17,11830939
2021-09-16,11754910
2021-09-15,11952189
2021-09-14,12239205
2021-09-13,12311115
2021-09-12,11367332
2021-09-11,11042203
2021-09-10,11444755
2021-09-09,11838772
2021-09-08,12262965
2021-09-07,12237721
2021-09-06,11427360
2021-09-05,10999059
2021-09-04,10991397
2021-09-03,11429540
2021-09-02,11762170
2021-09-01,12269398
2021-08-31,12719853
2021-08-30,13149481
2021-08-29,12504935
2021-08-28,12929666
2021-08-27,13793105
2021-08-26,14003003
2021-08-25,13989218
2021-08-24,13709799
2021-08-23,13556840
2021-08-22,12208171
2021-08-21,12525748
2021-08-20,13294584
2021-08-19,13400220
2021-08-18,13230233
2021-08-17,12910764
2021-08-16,12779631
2021-08-15,11790952
2021-08-14,12516238
2021-08-13,13670524
2021-08-12,14192464
2021-08-11,14112600
2021-08-10,13971623
2021-08-09,13571670
2021-08-08,12444458
2021-08-07,12355226
2021-08-06,12835996
2021-08-05,12507592
2021-08-04,12239438
2021-08-03,12143176
2021-08-02,12245050
2021-08-01,11843633
2021-07-31,12317450
2021-07-30,13423313
2021-07-29,13861199
2021-07-28,13868436
2021-07-27,13835338
2021-07-26,13722287
2021-07-25,12753323
2021-07-24,12704461
2021-07-23,13041780
2021-07-22,12960064
2021-07-21,12954392
2021-07-20,13009469
2021-07-19,12839770
2021-07-18,12124597
2021-07-17,12525669
2021-07-16,13220782
2021-07-15,13395408
2021-07-14,13154101
2021-07-13,12902857
2021-07-12,12720221
2021-07-11,11794553
2021-07-10,12019153
2021-07-09,12703791
2021-07-08,12819412
2021-07-07,13162052
2021-07-06,13271950
2021-07-05,12296460
2021-07-04,11301314
2021-07-03,11068664
2021-07-02,11939610
2021-07-01,12764321
2021-06-30,13356171
2021-06-29,13487863
2021-06-28,13393031
2021-06-27,12438943
2021-06-26,12158739
2021-06-25,12218598
2021-06-24,12087793
2021-06-23,11737773
2021-06-22,11666601
2021-06-21,12634701
2021-06-20,12210564
2021-06-19,12171010
2021-06-18,12752915
2021-06-17,12467819
2021-06-16,12176039
2021-06-15,12409565
2021-06-14,12586648
2021-06-13,11763063
2021-06-12,11741633
2021-06-11,12270243
2021-06-10,12619418
2021-06-09,12764105
2021-06-08,12624764
2021-06-07,12490949
2021-06-06,11587650
2021-06-05,11439498
2021-06-04,11542897
2021-06-03,11166279
2021-06-02,10859267
2021-06-01,10523627
2021-05-31,9520414
2021-05-30,9181964
2021-05-29,9544051
2021-05-28,10644252
2021-05-27,11383794
2021-05-26,11635505
2021-05-25,11386269
2021-05-24,11064921
2021-05-23,10447629
2021-05-22,10308229
2021-05-21,10743547
2021-05-20,10768740
2021-05-19,10525891
2021-05-18,10221514
2021-05-17,10017671
2021-05-16,9072033
2021-05-15,9183616
2021-05-14,9714977
2021-05-13,9758173
2021-05-12,9806142
2021-05-11,9977731
2021-05-10,10062257
2021-05-09,9318718
2021-05-08,9303744
2021-05-07,9721368
2021-05-06,9894017
2021-05-05,10107795
2021-05-04,10322623
2021-05-03,10385964
2021-05-02,9310952
2021-05-01,9154472
2021-04-30,9819551
2021-04-29,10227595
2021-04-28,10168212
2021-04-27,9916592
2021-04-26,9748206
2021-04-25,9026335
2021-04-24,9151516
2021-04-23,9623989
2021-04-22,9898334
2021-04-21,9834267
2021-04-20,9701555
2021-04-19,9566083
2021-04-18,8810587
2021-04-17,8971505
2021-04-16,9596709
2021-04-15,9665639
2021-04-14,9711237
2021-04-13,9759541
2021-04-12,9774167
2021-04-11,8923277
2021-04-10,9015057
2021-04-09,9711357
2021-04-08,9679191
2021-04-07,9708511
2021-04-06,9627281
2021-04-05,9468501
2021-04-04,8660604
2021-04-03,9152105
2021-04-02,9879578
2021-04-01,10084141
2021-03-31,9875623
2021-03-30,9803555
2021-03-29,9762731
2021-03-28,9069585
2021-03-27,9196242
2021-03-26,9717084
2021-03-25,9733686
2021-03-24,9642798
2021-03-23,9608205
2021-03-22,9586465
2021-03-21,9057567
2021-03-20,9368332
2021-03-19,10018684
2021-03-18,10112130
2021-03-17,10106742
2021-03-16,10326743
2021-03-15,10233778
2021-03-14,8825435
2021-03-13,9152759
2021-03-12,9581192
2021-03-11,9628527
2021-03-10,9732099
2021-03-09,9874178
2021-03-08,10234844
2021-03-07,9687051
2021-03-06,9763192
2021-03-05,10281750
2021-03-04,10190063
2021-03-03,10353257
2021-03-02,10787469
2021-03-01,10418519
2021-02-28,9492342
2021-02-27,9667995
2021-02-26,10396808
2021-02-25,10218393
2021-02-24,10117859
2021-02-23,10394060
2021-02-22,10762538
2021-02-21,10528043
2021-02-20,11239263
2021-02-19,12089049
2021-02-18,12348395
2021-02-17,12283181
2021-02-16,12303719
2021-02-15,12564123
2021-02-14,12431137
2021-02-13,12292000
2021-02-12,12604831
2021-02-11,12168371
2021-02-10,11700753
2021-02-09,11554370
2021-02-08,11693992
2021-02-07,11074312
2021-02-06,10804795
2021-02-05,11059062
2021-02-04,11384783
2021-02-03,11553070
2021-02-02,11700656
2021-02-01,11639984
2021-01-31,10575596
2021-01-30,10820409
2021-01-29,11774366
2021-01-28,11803040
2021-01-27,11206095
2021-01-26,10995690
2021-01-25,10984657
2021-01-24,10471003
2021-01-23,10722316
2021-01-22,10810035
2021-01-21,10837102
2021-01-20,11065857
2021-01-19,11141462
2021-01-18,11051786
2021-01-17,10490767
2021-01-16,10751400
2021-01-15,11062370
2021-01-14,11045734
2021-01-13,11315944
2021-01-12,11581866
2021-01-11,11863304
2021-01-10,11219888
2021-01-09,11200254
2021-01-08,11486761
2021-01-07,11313765
2021-01-06,11128340
2021-01-05,10969952
2021-01-04,10901104
2021-01-03,10159942
2021-01-02,10038550
2021-01-01,10186984
2020-12-31,10523216
2020-12-30,10670678
2020-12-29,10805469
2020-12-28,10746948
2020-12-27,10460082
2020-12-26,11009815
2020-12-25,10883143
2020-12-24,10607890
2020-12-23,10684925
2020-12-22,10728904
2020-12-21,10695796
2020-12-20,10335352
2020-12-19,10793613
2020-12-18,11594550
2020-12-17,11743651
2020-12-16,11741926
2020-12-15,11547934
2020-12-14,11183289
2020-12-13,9909278
2020-12-12,9807179
2020-12-11,10313506
2020-12-10,10556338
2020-12-09,10928054
2020-12-08,11210601
2020-12-07,11064563
2020-12-06,10138384
2020-12-05,10244066
2020-12-04,10561253
2020-12-03,10975589
2020-12-02,11218296
2020-12-01,11180379
2020-11-30,10720072
2020-11-29,9476975
2020-11-28,9184914
2020-11-27,9104974
2020-11-26,9075986
2020-11-25,9962869
2020-11-24,10239670
2020-11-23,10054833
2020-11-22,9261034
2020-11-21,9219016
2020-11-20,9750264
2020-11-19,10123715
2020-11-18,10290506
2020-11-17,10146463
2020-11-16,9933372
2020-11-15,9193653
2020-11-14,9456391
2020-11-13,9918635
2020-11-12,10032738
2020-11-11,10024172
2020-11-10,10001224
2020-11-09,9914865
2020-11-08,8949900
2020-11-07,8991715
2020-11-06,9506222
2020-11-05,9644235
2020-11-04,9672163
2020-11-03,9866582
2020-11-02,10028686
2020-11-01,9515071
2020-10-31,9144460
2020-10-30,9694440
2020-10-29,10011708
2020-10-28,10076493
2020-10-27,10174132
2020-10-26,10129651
2020-10-25,9244075
2020-10-24,9239828
2020-10-23,10067935
2020-10-22,10334229
2020-10-21,10203669
2020-10-20,10118506
2020-10-19,9981293
2020-10-18,9238456
2020-10-17,9155493
2020-10-16,9757901
2020-10-15,10126865
2020-10-14,10132162
2020-10-13,10116804
2020-10-12,10229728
2020-10-11,9605901
2020-10-10,9638218
2020-10-09,10138158
2020-10-08,10227021
2020-10-07,10304001
2020-10-06,10085942
2020-10-05,9890866
2020-10-04,9020576
2020-10-03,9090171
2020-10-02,9659172
2020-10-01,9964836
2020-09-30,9962520
2020-09-29,10188891
2020-09-28,10498843
2020-09-27,10105154
2020-09-26,10076994
2020-09-25,10431425
2020-09-24,10308784
2020-09-23,10171014
2020-09-22,9999264
2020-09-21,9901843
2020-09-20,9170633
2020-09-19,9419116
2020-09-18,10399567
2020-09-17,10796769
2020-09-16,10756572
2020-09-15,10786997
2020-09-14,11068012
2020-09-13,10425888
2020-09-12,10432520
2020-09-11,11097538
2020-09-10,11395571
2020-09-09,11488306
2020-09-08,11673595
2020-09-07,11201293
2020-09-06,11088575
2020-09-05,11226361
2020-09-04,12253306
2020-09-03,12701377
2020-09-02,12572911
2020-09-01,12211509
2020-08-31,11934453
2020-08-30,11216079
2020-08-29,12035320
2020-08-28,13133304
2020-08-27,13322340
2020-08-26,13118838
2020-08-25,13515121
2020-08-24,13512677
2020-08-23,12352258
2020-08-22,12123875
2020-08-21,12386179
2020-08-20,12293988
2020-08-19,12361195
2020-08-18,12685392
2020-08-17,12716997
2020-08-16,12052592
2020-08-15,12493064
2020-08-14,13324115
2020-08-13,13439574
2020-08-12,13394685
2020-08-11,13416043
2020-08-10,13552834
2020-08-09,12577202
2020-08-08,12256752
2020-08-07,12395916
2020-08-06,12279594
2020-08-05,12209476
2020-08-04,12204234
2020-08-03,12583697
2020-08-02,12030239
2020-08-01,12099179
2020-07-31,12920056
2020-07-30,13328802
2020-07-29,13292654
2020-07-28,13415172
2020-07-27,13534611
2020-07-26,12709534
2020-07-25,12477556
2020-07-24,12930219
2020-07-23,13107034
2020-07-22,13213547
2020-07-21,13365110
2020-07-20,13694234
2020-07-19,13055286
2020-07-18,13111253
2020-07-17,13354781
2020-07-16,13127394
2020-07-15,13175276
2020-07-14,13238550
2020-07-13,13255097
2020-07-12,12399933
2020-07-11,12854591
2020-07-10,13377836
2020-07-09,13652010
2020-07-08,13394820
2020-07-07,13024084
2020-07-06,12984721
2020-07-05,12154868
2020-07-04,12030895
2020-07-03,12476801
2020-07-02,12749550
2020-07-01,12453979
2020-06-30,12518765
2020-06-29,12649217
2020-06-28,11731468
2020-06-27,11682432
2020-06-26,12088254
2020-06-25,11996900
2020-06-24,11888316
2020-06-23,12021722
2020-06-22,12163193
2020-06-21,11252508
2020-06-20,11248406
2020-06-19,11568367
2020-06-18,11471676
2020-06-17,11138736
2020-06-16,10967798
2020-06-15,10832419
2020-06-14,9955038
2020-06-13,10181813
2020-06-12,11171785
2020-06-11,11501012
2020-06-10,11922061
2020-06-09,12066202
2020-06-08,11504365
2020-06-07,10605816
2020-06-06,11103690
2020-06-05,11738380
2020-06-04,11861051
2020-06-03,11674307
2020-06-02,11092244
2020-06-01,10270766
2020-05-31,9420412
2020-05-30,9903840
2020-05-29,10704466
2020-05-28,10855359
2020-05-27,10701428
2020-05-26,10493993
2020-05-25,9514755
2020-05-24,9402547
2020-05-23,9582313
2020-05-22,9861572
2020-05-21,9659669
2020-05-20,9520066
2020-05-19,9614737
2020-05-18,9612561
2020-05-17,9073005
2020-05-16,9098715
2020-05-15,9543748
2020-05-14,9502339
2020-05-13,9309446
2020-05-12,9239996
2020-05-11,9275093
2020-05-10,8477936
2020-05-09,8796321
2020-05-08,9241615
2020-05-07,9237180
2020-05-06,9395032
2020-05-05,9526885
2020-05-04,9589262
2020-05-03,8792263
2020-05-02,8714584
2020-05-01,8979015
2020-04-30,9119938
2020-04-29,9166019
2020-04-28,9290329
2020-04-27,9161753
2020-04-26,8609890
2020-04-25,8622801
2020-04-24,9164421
2020-04-23,9177929
2020-04-22,9145692
2020-04-21,9171390
2020-04-20,8997951
2020-04-19,8528817
2020-04-18,8655345
2020-04-17,9224407
2020-04-16,9247247
2020-04-15,9301545
2020-04-14,9281276
2020-04-13,9215467
2020-04-12,8567585
2020-04-11,8451844
2020-04-10,8874775
2020-04-09,9441115
2020-04-08,9409053
2020-04-07,9192644
2020-04-06,8960437
2020-04-05,8404965
2020-04-04,8681852
2020-04-03,9106175
2020-04-02,9127726
2020-04-01,9200756
2020-03-31,9368856
2020-03-30,9272240
2020-03-29,8784887
2020-03-28,9085475
2020-03-27,9473993
2020-03-26,9577724
2020-03-25,9718840
2020-03-24,9723290
2020-03-23,9814186
2020-03-22,9131678
2020-03-21,9216325
2020-03-20,9686744
2020-03-19,9896570
2020-03-18,9905322
2020-03-17,9985067
2020-03-16,10113256
2020-03-15,9444334
2020-03-14,9485059
2020-03-13,9790589
2020-03-12,9875522
2020-03-11,9789545
2020-03-10,9757578
2020-03-09,9703177
2020-03-08,8972283
2020-03-07,9670261
2020-03-06,10248138
2020-03-05,10140401
2020-03-04,9969662
2020-03-03,9850542
2020-03-02,9999660
2020-03-01,9667575
2020-02-29,10152543
2020-02-28,10829749
2020-02-27,11059759
2020-02-26,10729831
2020-02-25,10319661
2020-02-24,10262728
2020-02-23,9740072
2020-02-22,10395329
2020-02-21,11490386
2020-02-20,11499363
2020-02-19,10784633
2020-02-18,10489837
2020-02-17,10293256
2020-02-16,9837058
2020-02-15,10604531
2020-02-14,11465755
2020-02-13,11169997
2020-02-12,10795032
2020-02-11,10718737
2020-02-10,10678479
2020-02-09,10063065
2020-02-08,10481817
2020-02-07,10993786
2020-02-06,11050516
2020-02-05,10853753
2020-02-04,10386051
2020-02-03,10132681
2020-02-02,9683686
2020-02-01,10123880
2020-01-31,10802577
2020-01-30,11062676
2020-01-29,11109912
2020-01-28,10924644
2020-01-27,10694007
2020-01-26,9990838
2020-01-25,10126369
2020-01-24,10627152
2020-01-23,11163049
2020-01-22,11911967
2020-01-21,12190305
2020-01-20,11910880
2020-01-19,10648667
2020-01-18,10478670
2020-01-17,11118263
2020-01-16,10784785
2020-01-15,10352204
2020-01-14,10420358
2020-01-13,10559185
2020-01-12,9813468
2020-01-11,9771678
2020-01-10,10289972
2020-01-09,10854333
2020-01-08,11091713
2020-01-07,10828117
2020-01-06,10722663
2020-01-05,10049599
2020-01-04,9881043
2020-01-03,10159674
2020-01-02,10332681
2020-01-01,9837033
2019-12-31,10448565
2019-12-30,10348050
2019-12-29,9561297
2019-12-28,9551175
2019-12-27,9989036
2019-12-26,9998179
2019-12-25,9358490
2019-12-24,9788168
2019-12-23,10475729
2019-12-22,10364904
2019-12-21,10696954
2019-12-20,11540686
2019-12-19,12025489
2019-12-18,12082256
2019-12-17,11570063
2019-12-16,11171036
2019-12-15,10298202
2019-12-14,10289882
2019-12-13,10996425
2019-12-12,11525312
2019-12-11,11648089
2019-12-10,11038267
2019-12-09,10552916
2019-12-08,9979907
2019-12-07,10166261
2019-12-06,10595488
2019-12-05,10762573
2019-12-04,10904010
2019-12-03,11158349
2019-12-02,11093922
2019-12-01,9925795
2019-11-30,9731502
2019-11-29,9720547
2019-11-28,9663462
2019-11-27,10257013
2019-11-26,10358720
2019-11-25,10398523
2019-11-24,9775562
2019-11-23,9914274
2019-11-22,10290414
2019-11-21,10328392
2019-11-20,10320226
2019-11-19,10298472
2019-11-18,10422379
2019-11-17,9901836
2019-11-16,10152193
2019-11-15,10809065
2019-11-14,11317136
2019-11-13,11883443
2019-11-12,11772224
2019-11-11,10505345
2019-11-10,9466130
2019-11-09,9988267
2019-11-08,10706724
2019-11-07,10453885
2019-11-06,10169902
2019-11-05,10133123
2019-11-04,10125767
2019-11-03,9787302
2019-11-02,9630156
2019-11-01,10287129
2019-10-31,10579101
2019-10-30,10370195
2019-10-29,10145033
2019-10-28,9905608
2019-10-27,9177100
2019-10-26,9206756
2019-10-25,9801314
2019-10-24,9988030
2019-10-23,9766431
2019-10-22,9909779
2019-10-21,9892997
2019-10-20,9288992
2019-10-19,9192878
2019-10-18,9592050
2019-10-17,9744669
2019-10-16,9910566
2019-10-15,10102050
2019-10-14,9876309
2019-10-13,8944011
2019-10-12,9059810
2019-10-11,9870744
2019-10-10,10427476
2019-10-09,10205591
2019-10-08,10117540
2019-10-07,10317358
2019-10-06,9773596
2019-10-05,9897368
2019-10-04,10848162
2019-10-03,11516782
2019-10-02,12077278
2019-10-01,12049719
2019-09-30,11817867
2019-09-29,10956868
2019-09-28,10994935
2019-09-27,11425370
2019-09-26,11524100
2019-09-25,11519516
2019-09-24,11491974
2019-09-23,11808737
2019-09-22,10958708
2019-09-21,10887680
2019-09-20,11274733
2019-09-19,11338657
2019-09-18,11780607
2019-09-17,12120420
2019-09-16,12352847
2019-09-15,11324328
2019-09-14,11263852
2019-09-13,12017269
2019-09-12,12741781
2019-09-11,12885338
2019-09-10,12561699
2019-09-09,12240313
2019-09-08,11208543
2019-09-07,11494337
2019-09-06,12166629
2019-09-05,12479517
2019-09-04,12896562
2019-09-03,12694983
2019-09-02,11742704
2019-09-01,11169063
2019-08-31,11303079
2019-08-30,12128902
2019-08-29,12341091
2019-08-28,12275809
2019-08-27,12103976
2019-08-26,12046956
2019-08-25,11025166
2019-08-24,11205594
2019-08-23,12230178
2019-08-22,13131029
2019-08-21,13547329
2019-08-20,13595657
2019-08-19,13698170
2019-08-18,12516357
2019-08-17,12477118
2019-08-16,13046038
2019-08-15,13135847
2019-08-14,13224094
2019-08-13,13473070
2019-08-12,13339999
2019-08-11,12099893
2019-08-10,12175689
2019-08-09,13021903
2019-08-08,13268274
2019-08-07,13413827
2019-08-06,13433506
2019-08-05,13270281
2019-08-04,12319283
2019-08-03,12322022
2019-08-02,12798824
2019-08-01,13010935
2019-07-31,13127509
2019-07-30,13443501
2019-07-29,13554013
2019-07-28,12678745
2019-07-27,12463234
2019-07-26,12644090
2019-07-25,12378975
2019-07-24,12229142
2019-07-23,12250530
2019-07-22,13092503
2019-07-21,13084655
2019-07-20,13556680
2019-07-19,14222324
2019-07-18,13911315
2019-07-17,14054579
2019-07-16,13856985
2019-07-15,13471604
2019-07-14,12591462
2019-07-13,12633762
2019-07-12,13160223
2019-07-11,13365436
2019-07-10,13586880
2019-07-09,13095296
2019-07-08,12660890
2019-07-07,11942578
2019-07-06,12295025
2019-07-05,12719538
2019-07-04,12214258
2019-07-03,13028767
2019-07-02,13278773
2019-07-01,12947428
2019-06-30,11947598
2019-06-29,12265063
2019-06-28,12826588
2019-06-27,12795116
2019-06-26,12579596
2019-06-25,12298947
2019-06-24,11979456
2019-06-23,11044115
2019-06-22,11090465
2019-06-21,11915900
2019-06-20,12119272
2019-06-19,12030064
2019-06-18,11839935
2019-06-17,11618282
2019-06-16,10573958
2019-06-15,10534567
2019-06-14,10677004
2019-06-13,10816394
2019-06-12,10972573
2019-06-11,11166849
2019-06-10,11283351
2019-06-09,10394745
2019-06-08,10492841
2019-06-07,11361049
2019-06-06,11622510
2019-06-05,11601007
2019-06-04,11244413
2019-06-03,11132716
2019-06-02,10504060
2019-06-01,10666537
2019-05-31,11317530
2019-05-30,11364296
2019-05-29,11438401
2019-05-28,11477366
2019-05-27,10531038
2019-05-26,10401312
2019-05-25,10500525
2019-05-24,11086629
2019-05-23,11123192
2019-05-22,10771633
2019-05-21,10560063
2019-05-20,10866090
2019-05-19,9973620
2019-05-18,9977527
2019-05-17,10488271
2019-05-16,10360317
2019-05-15,10075269
2019-05-14,9977858
2019-05-13,9935889
2019-05-12,9047827
2019-05-11,9173693
2019-05-10,9874594
2019-05-09,10122875
2019-05-08,10205156
2019-05-07,10161772
2019-05-06,9965402
2019-05-05,9134482
2019-05-04,9354670
2019-05-03,9983894
2019-05-02,10189047
2019-05-01,10233221
2019-04-30,10224335
2019-04-29,9975962
2019-04-28,9133146
2019-04-27,9103920
2019-04-26,9675708
2019-04-25,9821340
2019-04-24,9761271
2019-04-23,9675342
2019-04-22,9526431
2019-04-21,8519594
2019-04-20,8834087
2019-04-19,9331884
2019-04-18,9735744
2019-04-17,9634495
2019-04-16,9598535
2019-04-15,9681446
2019-04-14,9106215
2019-04-13,9132762
2019-04-12,9646077
2019-04-11,9864722
2019-04-10,9869179
2019-04-09,9768705
2019-04-08,9746986
2019-04-07,8906698
2019-04-06,9062958
2019-04-05,9678448
2019-04-04,9690152
2019-04-03,9727343
2019-04-02,10069358
2019-04-01,10168206
2019-03-31,9207272
2019-03-30,8966976
2019-03-29,9430855
2019-03-28,9712862
2019-03-27,9900845
2019-03-26,9917386
2019-03-25,9814921
2019-03-24,9010564
2019-03-23,9231389
2019-03-22,9859684
2019-03-21,9957498
2019-03-20,10012730
2019-03-19,10110403
2019-03-18,10153529
2019-03-17,9340286
2019-03-16,9405671
2019-03-15,9837231
2019-03-14,9877934
2019-03-13,10076978
2019-03-12,10253671
2019-03-11,10202180
2019-03-10,9278155
2019-03-09,9856542
2019-03-08,10634228
2019-03-07,11206464
2019-03-06,11930554
2019-03-05,12122962
2019-03-04,12173891
2019-03-03,10634705
2019-03-02,10264183
2019-03-01,10804043
2019-02-28,10951846
2019-02-27,10844424
2019-02-26,10881873
2019-02-25,11082539
2019-02-24,10106225
2019-02-23,10251815
2019-02-22,10904126
2019-02-21,11053451
2019-02-20,11547014
2019-02-19,11791872
2019-02-18,11339513
2019-02-17,10420260
2019-02-16,10377486
2019-02-15,10576460
2019-02-14,10771760
2019-02-13,11182405
2019-02-12,11139713
2019-02-11,11145444
2019-02-10,10897258
2019-02-09,11325138
2019-02-08,11534366
2019-02-07,10783411
2019-02-06,10502127
2019-02-05,10448084
2019-02-04,10395480
2019-02-03,9765953
2019-02-02,10443239
2019-02-01,11658754
2019-01-31,12756356
2019-01-30,13039952
2019-01-29,12323483
2019-01-28,11601375
2019-01-27,10832400
2019-01-26,11154639
2019-01-25,11836291
2019-01-24,11528972
2019-01-23,11421157
2019-01-22,11990800
2019-01-21,12683559
2019-01-20,11342396
2019-01-19,10642465
2019-01-18,10832214
2019-01-17,11279888
2019-01-16,11549600
2019-01-15,11820085
2019-01-14,11791834
2019-01-13,10858122
2019-01-12,10853010
2019-01-11,11511389
2019-01-10,11649937
2019-01-09,11066173
2019-01-08,10433836
2019-01-07,10523844
2019-01-06,9833582
2019-01-05,10061656
2019-01-04,10796470
2019-01-03,11078381
2019-01-02,11111331
2019-01-01,9912485
